ap05,ap075,ap09,ar
0.42666666666666664,0.31666666666666665,0.0,0.32999999999999996
