{"A": {"nrows": 3, "ncols": 4, "data": [0.06714760250202245, 0.7800177487213583, 0.31517632731644396, 0.46075367094201236, 0.9888266055943852, 0.11901758603373436, 0.009753276116418852, 0.9382039930466721, 0.3611977756873682, 0.11454068071948542, 0.9936706951993024, 0.25826790645406206]}, "B": {"nrows": 4, "ncols": 3, "data": [0.36014435363265973, 0.8387346177702184, 0.31200774387013863, 0.5671953226789971, 0.026895475083614895, 0.6328257656411127, 0.4851424323593291, 0.7789893952867298, 0.8637040316404491, 0.6987277464196714, 0.47548429906550627, 0.27171093938799806]}}